Company,Task
911,Holiday
911,Vacation
911,Documentation/Review
911,Equipment
911,Field - Senior Technician
911,Field - Technical Assistant
911,Field - Technician
911,Field Visit
911,Field Work
911,Inspection
911,Meetings
911,Non-Safety Training
911,Office - Non-billable
911,Omnimetrix
911,OQ Evaluations
911,Personal Time Off
911,Planning/Schedule
911,Process Data
911,QC Data Audit
911,QC Data Review
911,QC Data-Casings
911,QC Data-CIS
911,QC Data-FDB
911,QC Data-GPS-ACCIS-ACVG
911,QC Data-GPS-DCVG-SOIL
911,QC Data-GPS-PCM
911,QC Data-Matching
911,QC Field Audit
911,Sick Day
911,Safety Training
911,Training (Field)
911,Training (Office)
911,Travel
912,Holiday
912,Vacation
912,Documentation/Review
912,Equipment
912,Field - Senior Technician
912,Field - Technical Assistant
912,Field - Technician
912,Field Visit
912,Field Work
912,Inspection
912,Meetings
912,Non-Safety Training
912,Office - Non-billable
912,Omnimetrix
912,OQ Evaluations
912,Personal Time Off
912,Planning/Schedule
912,Process Data
912,QC Data Audit
912,QC Data Review
912,QC Data-Casings
912,QC Data-CIS
912,QC Data-FDB
912,QC Data-GPS-ACCIS-ACVG
912,QC Data-GPS-DCVG-SOIL
912,QC Data-GPS-PCM
912,QC Data-Matching
912,QC Field Audit
912,Sick Day
912,Safety Training
912,Training (Field)
912,Training (Office)
912,Travel
913,Holiday
913,Vacation
913,Documentation/Review
913,Equipment
913,Field - Senior Technician
913,Field - Technical Assistant
913,Field - Technician
913,Field Visit
913,Field Work
913,Inspection
913,Meetings
913,Non-Safety Training
913,Office - Non-billable
913,Omnimetrix
913,OQ Evaluations
913,Personal Time Off
913,Planning/Schedule
913,Process Data
913,QC Data Audit
913,QC Data Review
913,QC Data-Casings
913,QC Data-CIS
913,QC Data-FDB
913,QC Data-GPS-ACCIS-ACVG
913,QC Data-GPS-DCVG-SOIL
913,QC Data-GPS-PCM
913,QC Data-Matching
913,QC Field Audit
913,Sick Day
913,Safety Training
913,Training (Field)
913,Training (Office)
913,Travel
914,Holiday
914,Vacation
914,Documentation/Review
914,Equipment
914,Field - Senior Technician
914,Field - Technical Assistant
914,Field - Technician
914,Field Visit
914,Field Work
914,Inspection
914,Meetings
914,Non-Safety Training
914,Office - Non-billable
914,Omnimetrix
914,OQ Evaluations
914,Personal Time Off
914,Planning/Schedule
914,Process Data
914,QC Data Audit
914,QC Data Review
914,QC Data-Casings
914,QC Data-CIS
914,QC Data-FDB
914,QC Data-GPS-ACCIS-ACVG
914,QC Data-GPS-DCVG-SOIL
914,QC Data-GPS-PCM
914,QC Data-Matching
914,QC Field Audit
914,Sick Day
914,Safety Training
914,Training (Field)
914,Training (Office)
914,Travel
